#"Step","Potential Energy (kJ/mole)","Temperature (K)"
1000,41.27005595538626,380.9900460209037
2000,36.786979874655614,256.75490002397896
3000,37.94396959604049,220.48603470620628
4000,38.88080229418789,336.91715048298784
5000,16.11814533589953,315.04918195425154
