#"Step","Potential Energy (kJ/mole)","Temperature (K)"
1000,79.98646679577872,263.7795723424853
2000,66.7066145944568,347.506213965747
3000,70.58956548243768,293.098982667487
4000,59.88092955999166,269.16897946218864
5000,88.19149892234799,225.0682183449176
