#"Step","Potential Energy (kJ/mole)","Temperature (K)"
1000,40.060716906807066,354.2184195500269
2000,35.943474788732,439.41391309396755
3000,36.56583754504758,399.78547847271994
4000,30.914098428291652,330.09315044833573
5000,43.472594588682895,195.8005221724246
