#"Step","Potential Energy (kJ/mole)","Temperature (K)"
1000,67.34988209130385,276.7575756457646
2000,51.73401435076764,318.10650270215183
3000,87.30839564539119,240.58131102371513
4000,43.49159981826362,238.82806906699554
5000,82.7169124883927,291.96518127745406
