#"Step","Potential Energy (kJ/mole)","Temperature (K)"
1000,62.057926811188366,218.936671632044
2000,75.10462331408291,291.1682188942215
3000,59.057760912919896,346.9635086712091
4000,76.45733586707314,203.95237403025692
5000,63.92346907921623,314.45989308151485
