#"Step","Potential Energy (kJ/mole)","Temperature (K)"
1000,9.420619853534902,285.408455185614
2000,4.793391693045559,310.4471431805573
3000,13.148555269867163,155.79349837509363
4000,15.179807525626932,404.477562495282
5000,15.981910632054854,302.7427058300154
