#"Step","Potential Energy (kJ/mole)","Temperature (K)"
1000,34.41810744064056,442.07046431718953
2000,14.926752368064193,469.26617404850685
3000,33.13571127612512,353.2872172341169
4000,30.84357681289358,313.373261857608
5000,39.764258614955395,268.6463670205715
