#"Step","Potential Energy (kJ/mole)","Temperature (K)"
1000,-1.3074738631568437,292.3323605173414
2000,-1.5935924937173773,260.011116635163
3000,20.144571860399164,259.7035046069551
4000,23.349933276327388,360.3902820684797
5000,27.352804296788985,398.58666353055764
