#"Step","Potential Energy (kJ/mole)","Temperature (K)"
1000,39.40980549235077,305.0752358006867
2000,28.348608972521756,230.14173793337156
3000,36.430314615882494,307.46990610474774
4000,38.3399734604979,255.40339438596948
5000,42.67319322732997,240.11928233291192
