#"Step","Potential Energy (kJ/mole)","Temperature (K)"
1000,157.88234237999063,323.4161404189165
2000,134.97724180852222,286.0604886837479
3000,120.8908325105443,392.9564051866337
4000,148.35410962571302,347.20884638902277
5000,144.66842396014516,384.5087369954025
