#"Step","Potential Energy (kJ/mole)","Temperature (K)"
1000,-2.264178254876888,205.82236227342497
2000,-13.884470708415405,268.51463586768665
3000,-22.60276702451332,309.3569849591176
4000,-10.081259748305992,172.07168485260678
5000,-17.773906094259026,335.6177640174882
