#"Step","Potential Energy (kJ/mole)","Temperature (K)"
1000,40.35733418010801,184.51779870903042
2000,45.20131937320857,278.9931375156473
3000,44.68664399508581,231.0955048499279
4000,42.292872546720076,145.49777957981232
5000,32.48670066726186,331.1955576753015
