#"Step","Potential Energy (kJ/mole)","Temperature (K)"
1000,34.15359631831209,349.00900231907224
2000,18.394986676561285,335.9350211313465
3000,29.917444282718826,326.5464494280573
4000,13.989389028555795,168.7949028248827
5000,12.749276441283264,291.2310468551798
