#"Step","Potential Energy (kJ/mole)","Temperature (K)"
1000,89.82031945300585,282.37533127264015
2000,82.35983726739249,273.7666507975011
3000,96.13730933673128,289.34525387575854
4000,73.81499451312744,310.4181466316536
5000,116.4377743769922,301.44030401917325
